script,status
scripts/train_private_jax_final.py,OK
scripts/train_jax_multiprediction_5.py,OK
scripts/train_jax_multiprediction_6.py,OK
scripts/train_jax_multiprediction_7.py,OK
scripts/train_jax_multiprediction_9.py,OK
scripts/train_jax_multiprediction_11.py,OK
scripts/train_jax_multiprediction_13.py,OK
scripts/train_jax_multiprediction_17.py,OK
scripts/train_jax_multiprediction_18.py,OK
scripts/train_jax_multiprediction_21.py,OK
scripts/train_jax_multiprediction_26_dp.py,OK
scripts/train_jax_multiprediction_51.py,OK
scripts/train_jax_multiprediction_52.py,OK
scripts/train_jax_MP0_i.py,OK
scripts/train_jax_MP0_o.py,OK
scripts/train_jax_MP25_i.py,OK
scripts/train_jax_MP25_o.py,OK
scripts/train_jax_MP25PP_i.py,OK
scripts/train_jax_MP25PP_o.py,OK
scripts/train_jax_MA2_I3.py,OK
scripts/train_jax_MA2_O3.py,OK
scripts/train_jax_MA3_S_I41.py,OK
scripts/train_jax_MA3_S_O41.py,OK
scripts/train_jax_MA3_S_I42.py,OK
scripts/train_jax_MA3_S_O42.py,OK
scripts/train_jax_MA3_S_I54.py,OK
scripts/train_jax_MA3_S_O54.py,OK
scripts/train_jax_MA4_I1.py,OK
scripts/train_jax_MA4_O1.py,OK
scripts/train_jax_MA4_I2.py,OK
scripts/train_jax_MA4_O2.py,OK
scripts/train_jax_MA4_I1_L.py,OK
scripts/train_jax_MA4_O1_L.py,OK
scripts/train_jax_MA4_I2_L.py,OK
scripts/train_jax_MA4_O2_L.py,OK
scripts/train_jax_MA5_S_I12.py,OK
scripts/train_jax_MA5_S_O12.py,OK
scripts/train_jax_MA5_S_DP_I12.py,OK
scripts/train_jax_MA5_S_DP_O12.py,OK
